user_id,timestamp,activity_type,heart_rate,speed_kmh,distance_m
u_001,2026-08-25T07:00:00Z,swim,130,3.0,2000
u_001,2026-08-27T18:00:00Z,run,150,12.5,8000
u_001,2026-08-29T08:00:00Z,bike,135,29.0,50000
u_002,2026-08-26T06:30:00Z,run,145,11.0,10000
u_001,2026-09-01T06:00:00Z,swim,132,3.1,1500
u_001,2026-09-02T18:30:00Z,run,148,12.0,10000
u_001,2026-09-03T06:00:00Z,swim,135,3.2,1500
u_001,2026-09-03T07:15:00Z,bike,142,28.5,40000
u_001,2026-09-03T08:45:00Z,run,155,12.1,10000
u_001,2026-09-05T07:00:00Z,bike,140,30.0,80000
u_002,2026-09-02T18:00:00Z,swim,125,2.5,1000
u_002,2026-09-04T17:00:00Z,run,152,10.5,12000
u_003,2026-09-08T07:00:00Z,swim,138,3.3,2500
u_003,2026-09-08T08:00:00Z,bike,130,27.0,30000